Site,Height,Length,Total,GonadArea,GonadPercent,Sex,Stage,OocyteDiam,Parasite,Month,Sample,LogGonad,Temp,Sal,Season,PercentDiv
AB,18.39,13.76,206.96,2.66,1.28,F,1,9.41,No,Jan,604,0.56,12.32,33.38,Dry,0.012838304
AB,14.23,14.32,161.14,2.35,1.46,F,1,10.68,No,Jan,605,0.53,12.32,33.38,Dry,0.014590641
AB,11.80,10.74,94.71,4.04,4.26,M,3,Z,No,Jan,607,0.70,12.32,33.38,Dry,0.042630951
AB,11.93,10.31,94.62,6.82,7.21,F,1,10.76,No,Jan,610,0.89,12.32,33.38,Dry,0.072095217
AB,11.96,10.09,102.29,0.74,0.72,F,1,8.90,No,Jan,612,0.24,12.32,33.38,Dry,0.007244841
AB,9.39,9.74,79.02,4.76,6.02,M,3,Z,No,Jan,613,0.76,12.32,33.38,Dry,0.060228491
AB,10.29,8.02,72.00,0.00,0.00,Z,4,Z,No,Jan,614,0.00,12.32,33.38,Dry,0
AB,10.92,9.70,91.14,0.00,0.00,Z,4,Z,Yes,Jan,616,0.00,12.32,33.38,Dry,0
AB,9.22,8.85,70.42,0.15,0.21,M,1,Z,No,Jan,617,0.06,12.32,33.38,Dry,0.002097867
AB,11.03,8.04,69.77,1.24,1.78,M,1,Z,No,Jan,619,0.35,12.32,33.38,Dry,0.017787883
AB,8.59,7.76,57.17,6.41,11.21,M,2,Z,No,Jan,622,0.87,12.32,33.38,Dry,0.112072374
AB,10.08,10.60,89.56,0.00,0.00,Z,4,Z,Yes,Jan,623,0.00,12.32,33.38,Dry,0
AB,12.98,12.87,137.72,1.51,1.10,F,1,8.74,No,Feb,626,0.40,12.26,23.37,Dry,0.010988691
AB,16.74,17.00,205.21,0.00,0.00,Z,Z,Z,Buceph,Feb,627,0.00,12.26,23.37,Dry,0
AB,16.85,17.26,238.88,0.00,0.00,Z,Z,Z,Buceph,Feb,628,0.00,12.26,23.37,Dry,0
AB,18.83,16.71,240.21,0.00,0.00,Z,Z,Z,Buceph,Feb,629,0.00,12.26,23.37,Dry,0
AB,13.32,13.45,144.49,0.00,0.00,Z,Z,Z,Buceph,Feb,630,0.00,12.26,23.37,Dry,0
AB,16.99,15.21,215.75,5.87,2.72,F,1,9.30,No,Feb,632,0.84,12.26,23.37,Dry,0.027229526
AB,12.04,12.05,107.23,2.01,1.87,F,1,8.53,No,Feb,635,0.48,12.26,23.37,Dry,0.018731361
AB,12.05,9.41,98.57,1.16,1.18,M,1,Z,No,Feb,640,0.33,12.26,23.37,Dry,0.011761977
AB,14.78,9.93,127.66,0.00,0.00,Z,4,Z,Yes,Feb,641,0.00,12.26,23.37,Dry,0
AB,10.52,10.09,90.21,1.88,2.08,M,1,Z,Yes,Feb,642,0.46,12.26,23.37,Dry,0.020847916
AB,15.87,15.46,194.08,0.00,0.00,Z,4,Z,No,Feb,643,0.00,12.26,23.37,Dry,0
AB,12.35,9.75,98.70,5.96,6.04,M,3,Z,No,Feb,644,0.84,12.26,23.37,Dry,0.06041907
AB,13.87,14.38,148.50,0.00,0.00,M,Z,Z,Buceph,Mar,651,0.00,15.38,9.17,Dry,0
AB,14.29,13.18,150.08,0.00,0.00,M,Z,Z,Buceph,Mar,652,0.00,15.38,9.17,Dry,0
AB,13.35,15.02,168.60,0.00,0.00,M,Z,Z,Buceph,Mar,653,0.00,15.38,9.17,Dry,0
AB,16.25,16.99,214.06,68.59,32.04,M,2,Z,Yes,Mar,658,1.84,15.38,9.17,Dry,0.320437271
AB,18.13,16.47,221.81,44.91,20.25,F,2,32.97,Yes,Mar,660,1.66,15.38,9.17,Dry,0.202472282
AB,18.88,19.27,301.90,114.81,38.03,M,2,Z,Yes,Mar,663,2.06,15.38,9.17,Dry,0.380288515
AB,14.82,16.44,203.52,55.82,27.42,F,2,27.25,Yes,Mar,665,1.75,15.38,9.17,Dry,0.274248479
AB,15.57,15.37,209.28,48.30,23.08,F,2,27.89,No,Mar,666,1.69,15.38,9.17,Dry,0.230781373
AB,11.61,12.25,135.53,0.07,0.05,F,Z,Z,Buceph,Mar,671,0.03,15.38,9.17,Dry,0.000504793
AB,17.57,14.37,140.96,41.59,29.50,M,2,Z,Yes,Mar,672,1.63,15.38,9.17,Dry,0.295038216
AB,17.57,15.47,234.29,50.54,21.57,F,2,31.26,Yes,Mar,673,1.71,15.38,9.17,Dry,0.215733752
AB,11.44,15.49,156.65,48.56,31.00,F,2,30.84,Yes,Mar,675,1.70,15.38,9.17,Dry,0.310012729
AB,15.13,17.40,241.97,110.99,45.87,F,2,30.38,Yes,Apr,676,2.05,20.16,22.87,Dry,0.458668508
AB,18.35,15.40,233.79,158.22,67.67,M,2,Z,No,Apr,677,2.20,20.16,22.87,Dry,0.676738433
AB,20.42,20.48,336.37,181.61,53.99,F,2,33.27,Yes,Apr,678,2.26,20.16,22.87,Dry,0.53991585
AB,16.67,16.00,215.79,79.03,36.62,F,2,32.17,No,Apr,680,1.90,20.16,22.87,Dry,0.3662287
AB,17.25,16.34,226.89,156.11,68.80,M,2,Z,No,Apr,684,2.20,20.16,22.87,Dry,0.6880341
AB,14.38,24.28,294.33,162.58,55.24,M,2,Z,Yes,Apr,685,2.21,20.16,22.87,Dry,0.552396475
AB,22.35,18.70,351.26,132.74,37.79,F,2,33.42,Yes,Apr,686,2.13,20.16,22.87,Dry,0.377895421
AB,21.98,16.27,265.59,143.56,54.05,F,2,34.11,Yes,Apr,692,2.16,20.16,22.87,Dry,0.540536483
AB,15.99,16.46,217.21,125.27,57.67,F,2,34.84,No,Apr,694,2.10,20.16,22.87,Dry,0.576730033
AB,18.48,14.03,220.66,154.45,70.00,F,2,33.25,Yes,Apr,696,2.19,20.16,22.87,Dry,0.699969804
AB,18.12,15.97,233.53,125.70,53.83,F,2,32.92,Yes,Apr,697,2.10,20.16,22.87,Dry,0.538275458
AB,16.95,14.44,202.88,88.00,43.38,F,2,31.26,Yes,Apr,699,1.95,20.16,22.87,Dry,0.433752894
AB,18.48,15.47,239.80,0.00,0.00,F,Z,Z,Buceph,May,704,0.00,24.28,16.76,Wet,0
AB,18.66,14.99,228.21,130.87,57.35,F,2,34.22,No,May,706,2.12,24.28,16.76,Wet,0.573461529
AB,15.90,16.99,223.26,0.00,0.00,F,Z,Z,No,May,707,0.00,24.28,16.76,Wet,0
AB,17.33,22.28,318.41,146.41,45.98,F,2,32.82,No,May,711,2.17,24.28,16.76,Wet,0.459812969
AB,10.69,11.49,102.78,72.61,70.65,F,2,32.56,No,May,713,1.87,24.28,16.76,Wet,0.706476364
AB,13.40,12.84,143.45,0.00,0.00,M,Z,Z,Buceph,May,714,0.00,24.28,16.76,Wet,0
AB,11.69,10.13,99.92,41.68,41.71,F,2,30.86,Yes,May,715,1.63,24.28,16.76,Wet,0.417135382
AB,16.89,16.05,221.63,115.58,52.15,M,2,Z,Yes,May,716,2.07,24.28,16.76,Wet,0.521497575
AB,14.35,12.88,165.19,119.02,72.05,F,2,32.60,No,May,717,2.08,24.28,16.76,Wet,0.720494379
AB,21.13,14.05,239.66,140.24,58.52,F,2,30.94,No,May,718,2.15,24.28,16.76,Wet,0.585183731
AB,20.15,16.72,271.75,0.00,0.00,F,Z,Z,Buceph,May,720,0.00,24.28,16.76,Wet,0
AB,12.18,10.73,110.32,38.39,34.80,M,2,Z,No,May,722,1.60,24.28,16.76,Wet,0.347961516
AB,16.37,14.46,182.60,94.44,51.72,F,2,30.29,Yes,Jun,726,1.98,28.4,18.87,Wet,0.517219177
AB,13.39,12.89,129.22,23.55,18.23,F,2,30.30,No,Jun,727,1.39,28.4,18.87,Wet,0.182282967
AB,9.39,8.86,63.07,21.12,33.48,M,2,Z,No,Jun,730,1.34,28.4,18.87,Wet,0.334846565
AB,13.34,11.84,127.08,17.32,13.63,F,3,30.53,No,Jun,731,1.26,28.4,18.87,Wet,0.136282199
AB,11.34,11.84,103.83,26.97,25.98,F,2,31.61,No,Jun,733,1.45,28.4,18.87,Wet,0.259764693
AB,6.51,6.95,43.29,16.03,37.03,M,2,Z,No,Jun,736,1.23,28.4,18.87,Wet,0.370250816
AB,12.46,12.00,119.57,10.87,9.09,F,3,16.97,No,Jun,739,1.07,28.4,18.87,Wet,0.090925704
AB,14.67,14.36,156.02,31.18,19.99,F,2,30.57,Yes,Jun,743,1.51,28.4,18.87,Wet,0.199871143
AB,14.59,13.13,161.03,44.26,27.49,F,2,30.18,Yes,Jun,748,1.66,28.4,18.87,Wet,0.274885112
AB,13.79,14.84,185.53,58.94,31.77,F,2,30.74,No,Jul,753,1.78,29.24,15.08,Wet,0.317678488
AB,14.43,13.60,157.85,30.17,19.11,F,2,28.72,No,Jul,754,1.49,29.24,15.08,Wet,0.191129555
AB,10.93,9.66,87.24,36.06,41.34,M,2,Z,Yes,Jul,755,1.57,29.24,15.08,Wet,0.413350897
AB,13.88,11.42,124.05,72.85,58.73,M,2,Z,Yes,Jul,756,1.87,29.24,15.08,Wet,0.587313535
AB,14.33,15.38,171.06,91.69,53.60,F,2,29.97,No,Jul,761,1.97,29.24,15.08,Wet,0.535994446
AB,14.62,12.72,141.20,50.61,35.84,F,2,27.29,No,Jul,762,1.71,29.24,15.08,Wet,0.358426035
AB,15.36,12.68,146.89,90.94,61.91,F,2,29.92,No,Jul,764,1.96,29.24,15.08,Wet,0.619128646
AB,16.21,15.91,215.60,91.48,42.43,F,2,27.47,Yes,Jul,768,1.97,29.24,15.08,Wet,0.424312074
AB,13.45,11.51,125.05,34.18,27.33,F,2,29.17,Yes,Jul,769,1.55,29.24,15.08,Wet,0.273340759
AB,11.71,14.33,131.09,59.11,45.09,F,2,29.95,No,Jul,770,1.78,29.24,15.08,Wet,0.450880196
AB,15.06,13.74,159.51,77.84,48.80,M,2,Z,Yes,Jul,771,1.90,29.24,15.08,Wet,0.487959716
AB,14.19,12.31,137.96,47.18,34.20,F,2,27.75,Yes,Jul,772,1.68,29.24,15.08,Wet,0.341987097
AB,12.74,17.07,152.83,33.60,21.99,F,2,25.91,No,Aug,776,1.54,30.04,22.16,Wet,0.219876392
AB,13.67,15.67,151.72,57.09,37.63,M,2,Z,No,Aug,777,1.76,30.04,22.16,Wet,0.37630362
AB,11.58,9.99,92.78,37.06,39.94,M,2,Z,No,Aug,778,1.58,30.04,22.16,Wet,0.399428019
AB,16.96,15.02,207.22,44.85,21.64,F,3,23.23,No,Aug,783,1.66,30.04,22.16,Wet,0.216443724
AB,15.58,13.90,169.88,50.35,29.64,F,2,28.03,Yes,Aug,784,1.71,30.04,22.16,Wet,0.296390279
AB,13.07,11.03,123.69,40.28,32.57,F,2,28.47,Yes,Aug,791,1.62,30.04,22.16,Wet,0.325665525
AB,11.85,13.05,121.48,36.31,29.89,F,2,27.89,Yes,Aug,795,1.57,30.04,22.16,Wet,0.298911529
AB,10.31,9.49,73.19,31.90,43.58,M,2,Z,Yes,Aug,796,1.52,30.04,22.16,Wet,0.43580638
AB,11.66,11.30,105.03,25.35,24.14,F,2,28.06,No,Aug,799,1.42,30.04,22.16,Wet,0.241358097
AB,11.94,12.99,126.35,19.72,15.61,F,3,26.28,Yes,Aug,800,1.32,30.04,22.16,Wet,0.156079139
AB,12.80,10.55,113.40,0.00,0.00,Z,Z,Z,Buceph,Sep,806,0.00,27.82,26.47,Wet,0
AB,13.87,9.85,111.25,0.00,0.00,Z,Z,Z,Buceph,Sep,807,0.00,27.82,26.47,Wet,0
AB,15.73,14.10,192.53,0.00,0.00,Z,Z,Z,Buceph,Sep,809,0.00,27.82,26.47,Wet,0
AB,13.03,8.72,95.53,39.18,41.01,F,2,30.29,No,Sep,810,1.60,27.82,26.47,Wet,0.410126988
AB,9.70,9.26,78.85,20.18,25.59,F,2,27.66,No,Sep,812,1.33,27.82,26.47,Wet,0.255921507
AB,11.99,9.59,91.43,16.59,18.14,F,2,28.87,Yes,Sep,813,1.25,27.82,26.47,Wet,0.181436656
AB,13.24,8.42,90.11,0.00,0.00,Z,Z,Z,Buceph,Sep,814,0.00,27.82,26.47,Wet,0
AB,12.81,8.74,95.23,0.00,0.00,F,Z,Z,Buceph,Sep,815,0.00,27.82,26.47,Wet,0
AB,10.93,6.80,68.54,19.72,28.77,F,2,28.69,No,Sep,818,1.32,27.82,26.47,Wet,0.287692691
AB,9.06,5.91,42.66,0.00,0.00,F,Z,Z,Buceph,Sep,821,0.00,27.82,26.47,Wet,0
AB,12.22,9.92,104.61,27.15,25.95,F,2,29.60,Yes,Sep,824,1.45,27.82,26.47,Wet,0.259542473
AB,8.25,5.63,37.26,21.75,58.37,F,2,30.60,No,Sep,825,1.36,27.82,26.47,Wet,0.583669636
AB,14.08,11.84,124.16,38.93,31.35,F,2,30.40,No,Oct,828,1.60,28.94,28.39,Wet,0.313517727
AB,10.74,12.04,99.38,0.00,0.00,F,Z,Z,Buceph,Oct,830,0.00,28.94,28.39,Wet,0
AB,12.28,10.26,95.68,38.93,40.68,F,2,31.15,No,Oct,831,1.60,28.94,28.39,Wet,0.406832419
AB,13.05,13.09,130.37,51.49,39.50,F,2,32.09,No,Oct,835,1.72,28.94,28.39,Wet,0.394960569
AB,8.45,7.38,45.72,0.00,0.00,Z,Z,Z,Buceph,Oct,836,0.00,28.94,28.39,Wet,0
AB,16.04,14.23,181.83,0.00,0.00,Z,Z,Z,Buceph,Oct,837,0.00,28.94,28.39,Wet,0
AB,12.62,11.97,125.60,0.00,0.00,Z,Z,Z,Buceph,Oct,838,0.00,28.94,28.39,Wet,0
AB,16.11,13.43,162.96,0.00,0.00,Z,Z,Z,Buceph,Oct,841,0.00,28.94,28.39,Wet,0
AB,14.13,13.47,150.49,86.73,57.63,M,2,Z,No,Oct,843,1.94,28.94,28.39,Wet,0.576309234
AB,11.57,14.69,138.36,17.93,12.96,F,3,33.27,No,Oct,844,1.28,28.94,28.39,Wet,0.129560311
AB,18.28,13.16,196.15,55.13,28.11,F,2,32.76,No,Oct,846,1.75,28.94,28.39,Wet,0.281053824
AB,14.45,12.52,136.26,0.00,0.00,Z,Z,Z,Buceph,Oct,848,0.00,28.94,28.39,Wet,0
AB,16.51,18.68,248.55,0.00,0.00,Z,Z,Z,Buceph,Nov,854,0.00,23.14,15.48,Dry,0
AB,12.54,14.79,131.50,5.69,4.33,F,1,11.15,No,Nov,856,0.83,23.14,15.48,Dry,0.043268829
AB,14.59,11.83,140.34,20.86,14.86,F,1,24.54,No,Nov,859,1.34,23.14,15.48,Dry,0.148645113
AB,14.37,12.61,149.48,0.00,0.00,F,Z,Z,Buceph,Nov,862,0.00,23.14,15.48,Dry,0
AB,13.44,14.28,151.88,0.00,0.00,Z,Z,Z,Buceph,Nov,864,0.00,23.14,15.48,Dry,0
AB,15.09,15.86,200.63,0.00,0.00,F,Z,Z,Buceph,Nov,867,0.00,23.14,15.48,Dry,0
AB,10.91,12.71,104.72,0.00,0.00,Z,Z,Z,Buceph,Nov,868,0.00,23.14,15.48,Dry,0
AB,16.83,19.75,252.23,0.00,0.00,Z,Z,Z,Buceph,Nov,871,0.00,23.14,15.48,Dry,0
AB,16.83,13.75,188.96,0.00,0.00,Z,Z,Z,Buceph,Dec,873,0.00,16.71,7.38,Dry,0
AB,16.32,18.63,223.91,0.00,0.00,F,Z,Z,Buceph,Dec,875,0.00,16.71,7.38,Dry,0
AB,15.31,13.95,173.14,0.00,0.00,Z,Z,Z,Buceph,Dec,876,0.00,16.71,7.38,Dry,0
AB,12.31,9.83,107.08,0.00,0.00,Z,Z,Z,Buceph,Dec,877,0.00,16.71,7.38,Dry,0
AB,15.57,12.48,160.12,0.00,0.00,F,Z,Z,Buceph,Dec,879,0.00,16.71,7.38,Dry,0
AB,13.26,12.67,136.08,0.00,0.00,F,Z,Z,Buceph,Dec,881,0.00,16.71,7.38,Dry,0
AB,13.80,14.08,173.95,0.00,0.00,F,Z,Z,Buceph,Dec,882,0.00,16.71,7.38,Dry,0
AB,14.69,14.64,186.54,0.00,0.00,F,Z,Z,Buceph,Dec,884,0.00,16.71,7.38,Dry,0
AB,16.76,17.10,234.00,0.00,0.00,Z,Z,Z,Buceph,Dec,886,0.00,16.71,7.38,Dry,0
AB,16.36,13.95,188.34,0.00,0.00,F,Z,Z,Buceph,Dec,890,0.00,16.71,7.38,Dry,0
AB,10.72,10.74,101.24,0.00,0.00,Z,4,Z,No,Dec,892,0.00,16.71,7.38,Dry,0
AB,11.88,11.35,111.58,0.00,0.00,Z,4,Z,No,Dec,893,0.00,16.71,7.38,Dry,0
LX,7.26,7.66,44.93,0.00,0.00,Z,4,Z,No,Jan,2312,0.00,18.33,16.63,Dry,0
LX,7.04,6.01,31.83,0.00,0.00,Z,4,Z,No,Jan,2315,0.00,18.33,16.63,Dry,0
LX,8.59,8.48,58.87,0.00,0.00,Z,4,Z,No,Jan,2318,0.00,18.33,16.63,Dry,0
LX,7.43,7.84,45.42,1.32,2.91,F,3,34.43,No,Jan,2320,0.37,18.33,16.63,Dry,0.029109639
LX,7.34,6.47,32.92,0.00,0.00,Z,4,Z,No,Jan,2321,0.00,18.33,16.63,Dry,0
LX,10.04,5.95,47.07,0.54,1.14,F,1,10.69,No,Jan,2323,0.19,18.33,16.63,Dry,0.011417418
LX,5.76,6.11,28.03,0.06,0.22,M,3,Z,No,Jan,2325,0.03,18.33,16.63,Dry,0.002196238
LX,8.42,10.29,71.54,3.14,4.38,F,1,18.05,No,Feb,2326,0.62,22.83,20.94,Dry,0.043844317
LX,8.42,9.09,59.15,2.04,3.46,F,1,17.44,No,Feb,2329,0.48,22.83,20.94,Dry,0.034571087
LX,9.10,9.52,66.11,0.49,0.75,F,1,7.53,No,Feb,2331,0.17,22.83,20.94,Dry,0.007479461
LX,6.05,7.53,38.26,0.00,0.00,Z,4,Z,No,Feb,2336,0.00,22.83,20.94,Dry,0
LX,7.65,5.20,35.67,0.00,0.00,Z,4,Z,No,Feb,2337,0.00,22.83,20.94,Dry,0
LX,7.68,8.53,51.36,0.85,1.65,F,1,6.66,No,Feb,2339,0.27,22.83,20.94,Dry,0.016485819
LX,8.92,9.09,66.28,0.00,0.00,Z,4,Z,No,Feb,2340,0.00,22.83,20.94,Dry,0
LX,8.12,10.51,70.33,27.62,39.28,F,2,32.06,No,Mar,2341,1.46,22.9,28.53,Dry,0.392756962
LX,8.44,8.64,56.08,11.03,19.68,F,2,34.82,No,Mar,2344,1.08,22.9,28.53,Dry,0.196752719
LX,7.70,6.36,38.89,10.01,25.75,F,2,30.43,No,Mar,2345,1.04,22.9,28.53,Dry,0.257474327
LX,11.00,13.34,114.49,31.14,27.20,F,2,34.92,No,Mar,2346,1.51,22.9,28.53,Dry,0.27202927
LX,13.16,11.04,104.98,49.80,47.44,F,2,34.22,No,Mar,2348,1.71,22.9,28.53,Dry,0.474355264
LX,9.02,7.98,55.15,15.59,28.26,M,2,Z,No,Mar,2349,1.22,22.9,28.53,Dry,0.282638426
LX,10.66,10.86,96.36,44.30,45.98,F,2,33.04,No,Mar,2350,1.66,22.9,28.53,Dry,0.459760456
LX,7.58,8.12,49.11,22.85,46.52,F,2,29.58,No,Apr,2358,1.38,27.3,26.88,Dry,0.465215754
LX,8.39,6.91,46.78,11.59,24.77,F,2,30.73,No,Apr,2359,1.10,27.3,26.88,Dry,0.247652256
LX,8.82,11.17,75.54,11.48,15.19,F,2,28.44,No,Apr,2360,1.10,27.3,26.88,Dry,0.151923002
LX,9.14,8.74,69.51,18.46,26.56,F,2,34.70,Yes,Apr,2361,1.29,27.3,26.88,Dry,0.265558946
LX,8.71,9.16,75.71,25.17,33.25,F,2,30.96,Yes,Apr,2366,1.42,27.3,26.88,Dry,0.332471486
LX,9.11,10.12,73.87,47.47,64.26,F,2,31.85,No,Apr,2367,1.69,27.3,26.88,Dry,0.642560036
LX,8.36,11.15,82.87,32.47,39.17,F,2,29.02,No,Apr,2370,1.52,27.3,26.88,Dry,0.39174895
LX,11.00,8.94,85.37,35.98,42.15,F,2,29.75,No,May,2372,1.57,27.17,21.02,Wet,0.421493696
LX,6.50,5.41,27.65,2.61,9.46,F,1,20.24,No,May,2374,0.56,27.17,21.02,Wet,0.094554476
LX,6.76,6.20,33.96,5.38,15.84,F,2,27.74,No,May,2375,0.80,27.17,21.02,Wet,0.158400241
LX,8.78,7.73,52.10,12.08,23.19,F,2,29.64,No,May,2378,1.12,27.17,21.02,Wet,0.23193861
LX,7.36,6.41,37.36,10.34,27.66,F,2,26.96,No,May,2380,1.05,27.17,21.02,Wet,0.27664418
LX,7.25,8.39,45.53,22.94,50.39,F,2,32.03,No,May,2382,1.38,27.17,21.02,Wet,0.503878821
LX,8.06,7.38,51.63,11.80,22.86,M,2,Z,No,May,2384,1.11,27.17,21.02,Wet,0.228644251
LX,9.14,8.71,64.26,15.34,23.86,F,3,29.76,No,Jun,2386,1.21,31.57,2.83,Wet,0.238646831
LX,10.64,8.83,84.55,16.64,19.68,F,3,32.5,No,Jun,2387,1.25,31.57,2.83,Wet,0.196778042
LX,5.52,6.29,28.25,13.29,47.04,F,2,31.48,No,Jun,2389,1.15,31.57,2.83,Wet,0.470373269
LX,9.28,7.67,56.50,7.89,13.97,F,3,25.21,No,Jun,2391,0.95,31.57,2.83,Wet,0.139695677
LX,10.07,8.69,64.53,16.60,25.73,F,3,29.67,No,Jun,2392,1.25,31.57,2.83,Wet,0.25727669
LX,7.85,8.03,52.93,10.36,19.57,F,3,24.3,No,Jun,2396,1.06,31.57,2.83,Wet,0.195652616
LX,7.33,6.73,40.13,14.72,36.68,F,2,34.14,No,Jun,2399,1.20,31.57,2.83,Wet,0.366823917
LX,8.75,7.93,54.03,7.56,14.00,F,3,24.72,No,Jul,2401,0.93,32.17,3.27,Wet,0.139991436
LX,8.10,7.38,47.93,21.15,44.13,F,2,31.65,No,Jul,2402,1.35,32.17,3.27,Wet,0.441281779
LX,8.81,7.85,49.27,11.07,22.46,F,2,30.72,No,Jul,2404,1.08,32.17,3.27,Wet,0.224590075
LX,6.47,6.02,32.14,6.94,21.60,M,2,Z,No,Jul,2407,0.90,32.17,3.27,Wet,0.216024511
LX,7.46,7.02,44.34,6.49,14.63,F,3,24.82,No,Jul,2408,0.87,32.17,3.27,Wet,0.146312331
LX,6.78,5.90,31.17,7.70,24.71,F,2,34.82,No,Jul,2411,0.94,32.17,3.27,Wet,0.247061075
LX,3.17,3.26,8.96,0.12,1.36,M,3,Z,No,Jul,2414,0.05,32.17,3.27,Wet,0.013568344
LX,7.97,7.55,49.10,9.26,18.85,M,2,Z,No,Aug,2417,1.01,33.07,10.11,Wet,0.188491156
LX,5.47,5.07,22.45,10.23,45.57,F,2,31.05,No,Aug,2420,1.05,33.07,10.11,Wet,0.455654437
LX,5.87,6.44,29.71,15.16,51.04,M,2,Z,No,Aug,2421,1.21,33.07,10.11,Wet,0.510448801
LX,8.87,7.99,53.42,16.83,31.51,F,2,28.74,No,Aug,2122,1.25,33.07,10.11,Wet,0.315089114
LX,7.67,6.50,37.55,13.05,34.74,F,2,28.14,No,Aug,2424,1.15,33.07,10.11,Wet,0.34739634
LX,5.11,5.04,20.00,4.76,23.82,M,2,Z,No,Aug,2429,0.76,33.07,10.11,Wet,0.238222447
LX,4.91,4.41,19.87,4.35,21.89,M,2,Z,No,Aug,2430,0.73,33.07,10.11,Wet,0.218875172
LX,6.35,8.45,46.48,23.98,51.59,F,2,27.93,No,Sep,2431,1.40,28.73,7.47,Wet,0.515941843
LX,9.62,10.10,69.41,33.90,48.84,F,2,30.47,No,Sep,2436,1.54,28.73,7.47,Wet,0.488387834
LX,6.37,5.73,29.13,12.88,44.22,F,2,26.21,No,Sep,2439,1.14,28.73,7.47,Wet,0.442170367
LX,8.62,6.57,45.25,20.44,45.17,F,2,27.63,No,Sep,2440,1.33,28.73,7.47,Wet,0.451703715
LX,4.97,6.03,23.07,14.22,61.62,M,2,Z,No,Sep,2442,1.18,28.73,7.47,Wet,0.616210899
LX,7.03,6.62,39.12,18.22,46.58,M,2,Z,No,Sep,2444,1.28,28.73,7.47,Wet,0.465799064
LX,5.52,4.81,23.00,9.88,42.94,F,2,26.52,No,Sep,2445,1.04,28.73,7.47,Wet,0.429441494
LX,6.48,7.62,40.19,14.56,36.22,F,2,26.52,No,Oct,2446,1.19,30,21.01,Wet,0.362213415
LX,9.99,9.67,72.69,24.74,34.03,F,2,26.35,No,Oct,2448,1.41,30,21.01,Wet,0.34034496
LX,9.58,7.78,51.12,24.26,47.45,F,2,28.43,No,Oct,2449,1.40,30,21.01,Wet,0.474488411
LX,8.82,11.20,77.84,14.29,18.36,F,3,28.47,No,Oct,2451,1.18,30,21.01,Wet,0.183554899
LX,9.52,11.27,94.88,10.16,10.71,F,3,26.42,No,Oct,2452,1.05,30,21.01,Wet,0.107076022
LX,9.08,7.83,63.72,11.85,18.60,F,3,30.46,No,Oct,2457,1.11,30,21.01,Wet,0.186014303
LX,8.66,7.06,43.12,29.96,69.48,M,2,Z,No,Oct,2458,1.49,30,21.01,Wet,0.694807464
LX,6.17,6.18,29.44,15.94,54.16,F,2,28.28,No,Nov,2462,1.23,27.47,16.48,Dry,0.54158698
LX,6.25,5.52,25.43,0.00,0.00,H,Z,Z,No,Nov,2465,0.00,27.47,16.48,Dry,0
LX,7.91,7.05,46.68,13.51,28.94,M,2,Z,No,Nov,2467,1.16,27.47,16.48,Dry,0.289415409
LX,8.87,7.74,57.65,12.18,21.12,F,2,33.04,No,Nov,2468,1.12,27.47,16.48,Dry,0.211249137
LX,8.36,8.90,58.27,0.00,0.00,Z,4,Z,No,Nov,2470,0.00,27.47,16.48,Dry,0
LX,7.03,6.40,34.15,15.16,44.39,M,2,Z,No,Nov,2471,1.21,27.47,16.48,Dry,0.443875993
LX,5.35,5.99,25.94,12.32,47.51,F,2,35.14,No,Nov,2474,1.12,27.47,16.48,Dry,0.475099384
LX,5.40,6.91,30.67,1.48,4.82,F,3,34.25,No,Dec,2476,0.39,22.7,28.08,Dry,0.04820352
LX,6.87,7.74,42.07,0.00,0.00,Z,4,Z,No,Dec,2478,0.00,22.7,28.08,Dry,0
LX,6.81,6.17,31.95,3.46,10.84,F,3,35.20,No,Dec,2480,0.65,22.7,28.08,Dry,0.108352336
LX,6.81,6.85,35.85,5.52,15.40,M,2,Z,No,Dec,2484,0.81,22.7,28.08,Dry,0.154022415
LX,8.72,10.12,70.61,9.99,14.14,F,3,36.78,No,Dec,2485,1.04,22.7,28.08,Dry,0.141423352
LX,4.43,5.90,21.87,0.44,2.01,M,3,Z,No,Dec,2489,0.16,22.7,28.08,Dry,0.020086814
LX,4.57,3.81,12.59,0.00,0.00,Z,4,Z,No,Dec,2490,0.00,22.7,28.08,Dry,0
LW,9.18,7.91,58.94,3.50,5.93,F,1,14.35,No,Jan,2311,0.65,18.1,22.9,Dry,0.059341559
LW,8.95,10.50,77.54,0.00,0.00,Z,4,Z,Yes,Jan,2313,0.00,18.1,22.9,Dry,0
LW,10.15,9.41,80.46,10.14,12.60,F,3,39.46,Yes,Jan,2314,1.05,18.1,22.9,Dry,0.126016409
LW,6.92,5.85,33.51,0.00,0.00,Z,4,Z,No,Jan,2317,0.00,18.1,22.9,Dry,0
LW,7.13,5.15,31.82,0.00,0.00,Z,4,Z,No,Jan,2318,0.00,18.1,22.9,Dry,0
LW,5.62,9.79,44.20,0.00,0.00,Z,4,Z,Yes,Jan,2320,0.00,18.1,22.9,Dry,0
LW,11.70,10.77,104.22,0.97,0.93,M,3,Z,No,Jan,2321,0.29,18.1,22.9,Dry,0.009298386
LW,8.36,13.36,89.32,1.79,2.01,F,1,13.61,No,Feb,2327,0.45,22.53,25.47,Dry,0.020080031
LW,9.72,9.79,69.31,0.51,0.74,M,1,Z,No,Feb,2328,0.18,22.53,25.47,Dry,0.007411482
LW,8.25,8.44,51.57,12.73,24.69,F,1,22.79,No,Feb,2329,1.14,22.53,25.47,Dry,0.246896824
LW,6.17,10.70,59.71,8.38,14.04,M,3,Z,No,Feb,2330,0.97,22.53,25.47,Dry,0.140351416
LW,6.98,8.62,49.13,6.44,13.10,M,1,Z,No,Feb,2332,0.87,22.53,25.47,Dry,0.13099766
LW,9.60,8.95,67.70,13.66,20.18,M,2,Z,No,Feb,2336,1.17,22.53,25.47,Dry,0.201756843
LW,10.46,10.49,90.72,9.65,10.64,F,3,36.11,No,Feb,2337,1.03,22.53,25.47,Dry,0.106394134
LW,9.43,8.17,59.22,30.90,52.19,M,2,Z,No,Mar,2342,1.50,22.97,27.56,Dry,0.521892036
LW,8.09,7.25,49.76,28.71,57.69,F,2,31.02,No,Mar,2344,1.47,22.97,27.56,Dry,0.576895582
LW,8.79,8.33,58.30,32.76,56.19,F,2,32.98,Yes,Mar,2345,1.53,22.97,27.56,Dry,0.561914214
LW,7.91,6.37,42.37,23.41,55.25,F,2,33.65,No,Mar,2350,1.39,22.97,27.56,Dry,0.552468321
LW,14.27,10.72,116.15,25.32,21.80,F,2,30.53,No,Mar,2352,1.42,22.97,27.56,Dry,0.217950139
LW,9.14,7.75,53.52,14.01,26.18,M,2,Z,No,Mar,2353,1.18,22.97,27.56,Dry,0.26177319
LW,11.41,11.60,107.33,39.40,36.71,F,2,30.05,No,Mar,2354,1.61,22.97,27.56,Dry,0.367080677
LW,9.59,8.03,59.43,29.55,49.73,F,2,30.05,No,Apr,2356,1.49,26.43,32.57,Dry,0.497304099
LW,8.19,6.55,42.03,2.49,5.92,F,3,30.49,No,Apr,2357,0.54,26.43,32.57,Dry,0.05917065
LW,8.66,7.91,55.75,18.54,33.25,F,2,30.70,No,Apr,2358,1.29,26.43,32.57,Dry,0.332476445
LW,5.69,5.50,27.50,12.01,43.68,M,2,Z,No,Apr,2363,1.11,26.43,32.57,Dry,0.436813713
LW,10.33,9.88,88.49,49.64,56.10,M,2,Z,No,Apr,2366,1.70,26.43,32.57,Dry,0.561020031
LW,10.22,9.34,82.46,52.69,63.90,F,2,31.94,No,Apr,2367,1.73,26.43,32.57,Dry,0.638953136
LW,7.66,9.92,61.40,42.37,69.01,F,2,32.16,No,Apr,2370,1.64,26.43,32.57,Dry,0.690077953
LW,11.57,10.69,107.00,46.27,43.24,F,2,29.28,No,May,2371,1.67,26.53,18.75,Wet,0.43244933
LW,9.33,7.89,62.62,24.01,38.34,M,2,Z,No,May,2373,1.40,26.53,18.75,Wet,0.383432902
LW,9.43,9.65,69.81,36.98,52.97,F,2,30.19,No,May,2374,1.58,26.53,18.75,Wet,0.529695488
LW,6.99,7.06,41.85,16.08,38.42,F,2,29.44,No,May,2376,1.23,26.53,18.75,Wet,0.38423506
LW,7.44,9.53,58.71,15.27,26.00,F,2,30.79,No,May,2377,1.21,26.53,18.75,Wet,0.260023114
LW,9.17,11.09,86.28,45.97,53.28,M,2,Z,No,May,2383,1.67,26.53,18.75,Wet,0.532793481
LW,12.43,13.23,142.24,47.59,33.46,F,2,30.76,No,May,2385,1.69,26.53,18.75,Wet,0.334597153
LW,12.32,10.38,105.43,20.84,19.76,F,2,28.96,Yes,Jun,2386,1.34,30.37,7.65,Wet,0.197626804
LW,10.35,9.71,81.48,12.17,14.94,F,3,22.98,No,Jun,2387,1.12,30.37,7.65,Wet,0.149411567
LW,10.78,9.21,80.97,42.80,52.86,M,2,Z,Yes,Jun,2390,1.64,30.37,7.65,Wet,0.528579469
LW,10.79,8.21,71.93,18.57,25.82,F,2,25.66,Yes,Jun,2391,1.29,30.37,7.65,Wet,0.258161046
LW,9.63,9.07,73.07,22.36,30.60,F,2,25.22,No,Jun,2393,1.37,30.37,7.65,Wet,0.306048247
LW,11.74,8.55,81.58,31.46,38.56,F,2,27.14,No,Jun,2394,1.51,30.37,7.65,Wet,0.385587102
LW,11.05,7.58,75.31,47.43,62.98,M,2,Z,No,Jun,2400,1.69,30.37,7.65,Wet,0.629790609
LW,9.04,10.96,78.93,13.64,17.28,F,2,24.43,No,Jul,2402,1.17,31.8,13.87,Wet,0.172807596
LW,10.60,11.66,84.41,24.39,28.89,F,2,27.82,No,Jul,2403,1.40,31.8,13.87,Wet,0.288920151
LW,8.97,8.44,60.15,21.76,36.19,F,2,26.36,No,Jul,2404,1.36,31.8,13.87,Wet,0.361858282
LW,9.61,7.75,61.98,15.81,25.50,F,2,27.1,No,Jul,2406,1.23,31.8,13.87,Wet,0.255026031
LW,11.14,10.02,78.29,34.31,43.83,F,2,28.28,No,Jul,2408,1.55,31.8,13.87,Wet,0.438317872
LW,12.22,13.76,122.07,40.00,32.76,F,2,25.65,No,Jul,2411,1.61,31.8,13.87,Wet,0.327647348
LW,12.20,13.46,125.95,67.83,53.86,F,2,24.83,No,Jul,2415,1.84,31.8,13.87,Wet,0.538552637
LW,8.23,7.78,49.49,21.10,42.63,F,2,28.52,No,Aug,2422,1.34,32.23,22.22,Wet,0.426320607
LW,9.29,7.20,51.59,18.85,36.54,F,2,28.61,No,Aug,2423,1.30,32.23,22.22,Wet,0.365443338
LW,9.66,6.94,54.49,28.90,53.04,F,2,27.75,No,Aug,2424,1.48,32.23,22.22,Wet,0.530389692
LW,9.95,8.56,72.71,38.43,52.85,F,2,28.36,No,Aug,2425,1.60,32.23,22.22,Wet,0.528490276
LW,11.24,8.62,80.49,28.77,35.74,M,2,Z,No,Aug,2426,1.47,32.23,22.22,Wet,0.357400178
LW,10.86,11.96,106.97,51.21,47.88,F,2,32.35,No,Aug,2427,1.72,32.23,22.22,Wet,0.478780181
LW,8.41,8.93,60.20,28.44,47.25,F,2,27.47,No,Aug,2429,1.47,32.23,22.22,Wet,0.47247095
LW,6.86,6.83,39.96,10.15,25.41,F,3,26.45,No,Sep,2432,1.05,30.33,11.62,Wet,0.254115943
LW,6.06,7.95,42.91,14.65,34.14,F,2,28.69,No,Sep,2434,1.19,30.33,11.62,Wet,0.341427251
LW,6.40,6.57,33.12,11.13,33.61,F,2,27.24,No,Sep,2435,1.08,30.33,11.62,Wet,0.336051553
LW,5.24,5.71,21.99,7.00,31.81,F,2,31.52,No,Sep,2437,0.90,30.33,11.62,Wet,0.318097438
LW,4.79,6.16,25.47,1.71,6.73,F,3,23.03,No,Sep,2439,0.43,30.33,11.62,Wet,0.067273052
LW,3.85,3.83,10.96,0.59,5.41,M,3,Z,No,Sep,2440,0.20,30.33,11.62,Wet,0.054112699
LW,8.61,12.39,79.26,37.71,47.58,F,2,30.32,No,Sep,2442,1.59,30.33,11.62,Wet,0.475763238
LW,8.22,7.09,46.53,12.10,26.01,F,2,28.95,No,Oct,2446,1.12,30.03,27.79,Wet,0.260132832
LW,8.72,7.58,49.61,16.51,33.27,M,2,Z,No,Oct,2448,1.24,30.03,27.79,Wet,0.332702877
LW,5.87,7.51,39.19,11.13,28.40,F,3,35.24,No,Oct,2449,1.08,30.03,27.79,Wet,0.283972641
LW,7.60,8.32,52.76,26.18,49.62,F,2,28.58,No,Oct,2450,1.43,30.03,27.79,Wet,0.496244715
LW,5.47,7.14,37.09,5.02,13.52,M,2,Z,No,Oct,2452,0.78,30.03,27.79,Wet,0.135238035
LW,4.02,4.59,14.63,0.00,0.00,Z,4,Z,No,Oct,2453,0.00,30.03,27.79,Wet,0
LW,6.47,5.50,29.06,5.75,19.78,F,3,29.63,No,Oct,2455,0.83,30.03,27.79,Wet,0.197839787
LW,7.35,6.60,40.26,7.69,19.09,F,2,32.39,No,Nov,2464,0.94,27.5,32.91,Dry,0.190918568
LW,4.83,4.51,16.12,0.00,0.00,Z,4,Z,No,Nov,2469,0.00,27.5,32.91,Dry,0
LW,7.32,5.98,33.57,0.00,0.00,Z,4,Z,No,Nov,2470,0.00,27.5,32.91,Dry,0
LW,4.74,4.66,14.75,0.20,1.37,M,3,Z,No,Nov,2472,0.08,27.5,32.91,Dry,0.013675257
LW,7.80,7.00,41.27,10.22,24.77,F,2,34.95,No,Nov,2473,1.05,27.5,32.91,Dry,0.247679941
LW,5.89,3.99,18.18,0.37,2.05,M,3,Z,No,Nov,2474,0.14,27.5,32.91,Dry,0.020453725
LW,6.58,4.58,24.97,12.18,48.79,F,2,30.64,No,Nov,2475,1.12,27.5,32.91,Dry,0.48791432
LW,8.41,6.07,38.90,0.00,0.00,Z,4,Z,No,Dec,2480,0.00,22.07,34.58,Dry,0
LW,7.42,6.43,42.41,0.00,0.00,Z,4,Z,No,Dec,2481,0.00,22.07,34.58,Dry,0
LW,4.97,5.43,21.04,0.00,0.00,Z,4,Z,No,Dec,2483,0.00,22.07,34.58,Dry,0
LW,5.75,5.27,24.24,0.00,0.00,Z,4,Z,No,Dec,2485,0.00,22.07,34.58,Dry,0
LW,5.97,6.15,30.49,0.09,0.31,F,3,33.78,No,Dec,2486,0.04,22.07,34.58,Dry,0.003110759
LW,4.74,4.33,18.58,0.00,0.00,Z,4,Z,No,Dec,2488,0.00,22.07,34.58,Dry,0
LW,4.18,4.32,15.62,0.06,0.38,F,3,37.64,No,Dec,2490,0.02,22.07,34.58,Dry,0.003776559
SL,10.08,8.13,69.48,12.64,18.19,F,2,29.18,No,Jun,1981,1.13,29.17,1.41,Wet,0.181880715
SL,10.92,7.30,56.62,13.55,23.93,F,2,28.63,No,Jun,1982,1.16,29.17,1.41,Wet,0.239259848
SL,8.72,4.18,31.16,14.80,47.50,M,2,Z,No,Jun,1983,1.20,29.17,1.41,Wet,0.475042329
SL,7.75,4.74,29.12,7.75,26.60,F,2,27.46,No,Jun,1984,0.94,29.17,1.41,Wet,0.266004984
SL,7.17,6.72,38.17,19.15,50.17,M,2,Z,No,Aug,1986,1.30,30.63,6.31,Wet,0.50174629
SL,4.47,5.96,22.22,7.98,35.92,F,2,26.66,No,Aug,1987,0.95,30.63,6.31,Wet,0.359152125
SL,6.82,5.39,31.11,18.12,58.24,M,2,Z,No,Aug,1988,1.28,30.63,6.31,Wet,0.582354292
SL,5.45,5.25,22.99,6.48,28.21,F,3,28.09,No,Aug,1989,0.87,30.63,6.31,Wet,0.282097688
SL,8.74,5.99,43.12,20.01,46.41,M,2,Z,No,Aug,1990,1.32,30.63,6.31,Wet,0.464063359
SL,4.36,4.14,15.21,5.14,33.78,M,2,Z,No,Sep,1992,0.79,29.63,5.32,Wet,0.337789543
SL,7.44,4.58,23.57,5.89,24.99,F,2,25.02,No,Sep,1993,0.84,29.63,5.32,Wet,0.249929416
SL,6.06,6.66,32.85,8.88,27.04,F,2,25.38,No,Sep,1994,0.99,29.63,5.32,Wet,0.270445302
SL,7.01,6.08,37.95,11.32,29.83,F,2,25.77,No,Sep,1995,1.09,29.63,5.32,Wet,0.298287934
SL,5.67,5.30,24.90,12.30,49.37,F,2,27.71,No,Sep,1996,1.12,29.63,5.32,Wet,0.493715885
SL,6.33,5.40,27.73,15.89,57.31,M,2,Z,No,Sep,1997,1.23,29.63,5.32,Wet,0.573061002
SL,6.07,4.01,19.03,6.77,35.55,M,2,Z,No,Sep,1998,0.89,29.63,5.32,Wet,0.355535269
SL,6.50,7.41,40.76,17.47,42.87,M,2,Z,No,Sep,1999,1.27,29.63,5.32,Wet,0.428692634
SL,3.97,5.55,16.30,4.39,26.97,M,2,Z,No,Sep,2000,0.73,29.63,5.32,Wet,0.269689473
SL,6.83,5.08,30.42,13.23,43.49,M,2,Z,No,Sep,2001,1.15,29.63,5.32,Wet,0.434933454
SL,3.97,2.69,6.74,0.89,13.17,M,3,Z,No,Sep,2002,0.28,29.63,5.32,Wet,0.131708941
SL,6.09,5.10,27.16,7.58,27.89,F,2,24.44,No,Sep,2003,0.93,29.63,5.32,Wet,0.278914291
SL,6.47,6.06,32.97,19.00,57.64,M,2,Z,No,Oct,2006,1.30,28.37,14.81,Wet,0.576404076
SL,9.10,5.00,32.56,25.27,77.61,M,2,Z,No,Oct,2007,1.42,28.37,14.81,Wet,0.776125504
SL,6.61,4.94,22.34,10.04,44.96,F,2,30.51,No,Oct,2008,1.04,28.37,14.81,Wet,0.449567523
SL,6.59,5.18,28.19,20.66,73.31,M,2,Z,No,Oct,2009,1.34,28.37,14.81,Wet,0.73313124
SL,4.37,4.86,16.99,6.22,36.62,F,2,31.62,No,Oct,2010,0.86,28.37,14.81,Wet,0.366187199
SL,5.99,3.47,17.12,12.02,70.25,F,2,30.59,No,Oct,2011,1.11,28.37,14.81,Wet,0.702461693
SL,5.21,4.28,16.28,9.51,58.40,M,2,Z,No,Oct,2012,1.02,28.37,14.81,Wet,0.583973974
SL,5.31,4.83,19.18,10.76,56.12,F,2,34.50,No,Oct,2013,1.07,28.37,14.81,Wet,0.561226434
SL,3.79,3.74,9.90,3.74,37.83,M,2,Z,No,Oct,2014,0.68,28.37,14.81,Wet,0.378258036
SL,4.71,3.50,13.39,7.42,55.39,M,2,Z,No,Oct,2015,0.93,28.37,14.81,Wet,0.553878128
SL,6.63,6.61,40.15,14.70,36.60,F,2,30.25,No,Oct,2016,1.20,28.37,14.81,Wet,0.366016172
SL,5.33,3.06,15.02,8.95,59.60,F,2,33.23,No,Oct,2017,1.00,28.37,14.81,Wet,0.59595149
SL,5.87,4.59,23.74,12.77,53.80,F,2,32.83,No,Oct,2018,1.14,28.37,14.81,Wet,0.537978775
SL,5.17,4.72,19.89,14.91,74.96,M,2,Z,No,Oct,2019,1.20,28.37,14.81,Wet,0.749610326
SL,4.08,5.16,16.15,9.75,60.36,F,2,31.28,No,Oct,2020,1.03,28.37,14.81,Wet,0.603605213
SL,4.94,4.63,18.62,0.00,0.00,Z,4,Z,No,Nov,2021,0.00,25.9,22.77,Dry,0
SL,6.72,4.33,24.91,17.49,70.23,F,2,33.16,No,Nov,2022,1.27,25.9,22.77,Dry,0.702269759
SL,4.26,5.95,21.58,3.27,15.13,F,3,33.86,No,Nov,2023,0.63,25.9,22.77,Dry,0.151300536
SL,6.24,4.55,21.28,11.81,55.49,F,2,34.82,No,Nov,2024,1.11,25.9,22.77,Dry,0.554882289
SL,7.55,6.32,39.40,25.72,65.28,F,2,31.52,No,Nov,2025,1.43,25.9,22.77,Dry,0.652802398
SL,3.92,4.25,14.02,0.69,4.95,M,3,Z,No,Nov,2026,0.23,25.9,22.77,Dry,0.049511147
SL,4.97,3.77,15.62,0.99,6.33,F,3,22.34,No,Nov,2027,0.30,25.9,22.77,Dry,0.063314776
SL,4.26,4.02,14.80,0.05,0.33,M,3,Z,No,Nov,2028,0.02,25.9,22.77,Dry,0.003282988
SL,5.38,5.67,22.77,0.49,2.16,M,3,Z,No,Nov,2029,0.17,25.9,22.77,Dry,0.02161589
SL,4.89,4.36,17.19,6.39,37.15,F,2,30.97,No,Nov,2030,0.87,25.9,22.77,Dry,0.371528632
SL,5.06,5.24,22.07,1.71,7.74,F,3,35.43,No,Nov,2031,0.43,25.9,22.77,Dry,0.077360783
SL,5.24,5.07,20.73,0.00,0.00,Z,4,Z,No,Nov,2032,0.00,25.9,22.77,Dry,0
SL,6.72,6.52,34.95,12.20,34.90,F,2,33.01,No,Nov,2033,1.12,25.9,22.77,Dry,0.349006733
SL,5.43,3.95,15.98,4.48,28.02,F,3,29.63,No,Nov,2034,0.74,25.9,22.77,Dry,0.280218497
SL,5.68,5.65,25.06,6.83,27.26,M,2,Z,No,Nov,2035,0.89,25.9,22.77,Dry,0.272580744
SL,7.48,6.00,37.19,0.00,0.00,Z,4,Z,No,Dec,2036,0.00,18.57,27.31,Dry,0
SL,4.59,5.48,22.61,0.00,0.00,Z,4,Z,No,Dec,2037,0.00,18.57,27.31,Dry,0
SL,5.34,4.70,20.87,3.33,15.97,F,3,37.29,No,Dec,2038,0.64,18.57,27.31,Dry,0.159676977
SL,5.86,4.77,23.86,0.43,1.80,F,1,10.56,No,Dec,2039,0.16,18.57,27.31,Dry,0.01799022
SL,4.93,5.56,22.66,0.00,0.00,Z,4,Z,No,Dec,2040,0.00,18.57,27.31,Dry,0
SL,5.26,5.41,24.19,0.96,3.98,F,1,10.07,No,Dec,2041,0.29,18.57,27.31,Dry,0.039828734
SL,5.33,3.98,17.98,0.00,0.00,Z,4,Z,No,Dec,2042,0.00,18.57,27.31,Dry,0
SL,6.10,5.33,27.33,0.00,0.00,Z,4,Z,No,Dec,2043,0.00,18.57,27.31,Dry,0
SL,5.90,7.29,36.06,0.00,0.00,Z,4,Z,No,Dec,2044,0.00,18.57,27.31,Dry,0
SL,4.93,6.20,26.83,0.00,0.00,Z,4,Z,No,Dec,2045,0.00,18.57,27.31,Dry,0
SL,5.64,6.15,29.33,0.86,2.92,F,3,34.00,No,Dec,2046,0.27,18.57,27.31,Dry,0.029178985
SL,6.77,7.55,44.56,5.41,12.13,F,3,35.35,No,Dec,2047,0.81,18.57,27.31,Dry,0.121315531
SL,8.21,7.87,50.89,8.75,17.20,M,3,Z,No,Dec,2048,0.99,18.57,27.31,Dry,0.172027866
SL,6.20,4.89,27.81,5.99,21.54,F,2,36.33,No,Dec,2049,0.84,18.57,27.31,Dry,0.21538939
SL,3.27,3.38,9.94,0.00,0.00,Z,4,Z,No,Dec,2050,0.00,18.57,27.31,Dry,0
CR,6.66,7.09,34.44,0.00,0.00,Z,4,Z,No,Jan,201,0.00,16.9,17.49,Dry,0
CR,5.60,5.10,23.47,0.00,0.00,Z,4,Z,No,Jan,204,0.00,16.9,17.49,Dry,0
CR,7.40,6.45,38.11,0.00,0.00,Z,4,Z,No,Jan,205,0.00,16.9,17.49,Dry,0
CR,6.63,5.64,30.25,0.00,0.00,Z,4,Z,No,Jan,206,0.00,16.9,17.49,Dry,0
CR,5.75,6.61,30.91,0.00,0.00,Z,4,Z,No,Jan,212,0.00,16.9,17.49,Dry,0
CR,6.07,6.45,31.61,0.00,0.00,Z,4,Z,No,Jan,215,0.00,16.9,17.49,Dry,0
CR,6.12,5.52,27.61,4.18,15.13,F,3,35.94,No,Jan,216,0.71,16.9,17.49,Dry,0.151257272
CR,4.83,4.11,15.34,0.60,3.93,M,3,Z,No,Jan,217,0.21,16.9,17.49,Dry,0.039316251
CR,5.92,5.97,28.42,0.00,0.00,Z,4,Z,No,Jan,218,0.00,16.9,17.49,Dry,0
CR,5.51,4.19,17.35,0.00,0.00,Z,4,Z,No,Jan,219,0.00,16.9,17.49,Dry,0
CR,6.91,6.63,40.33,0.00,0.00,Z,4,Z,No,Feb,222,0.00,25.03,25.02,Dry,0
CR,4.81,6.50,26.98,0.00,0.00,Z,4,Z,No,Feb,223,0.00,25.03,25.02,Dry,0
CR,5.07,4.89,20.24,0.00,0.00,Z,4,Z,Yes,Feb,225,0.00,25.03,25.02,Dry,0
CR,5.28,5.03,23.62,0.00,0.00,Z,4,Z,No,Feb,228,0.00,25.03,25.02,Dry,0
CR,5.69,4.78,24.87,0.00,0.00,Z,4,Z,No,Feb,229,0.00,25.03,25.02,Dry,0
CR,6.41,6.33,37.08,0.00,0.00,Z,4,Z,No,Feb,230,0.00,25.03,25.02,Dry,0
CR,7.14,6.32,40.21,0.08,0.20,F,1,8.52,No,Feb,231,0.03,25.03,25.02,Dry,0.002002888
CR,7.74,7.36,47.83,0.00,0.00,Z,4,Z,No,Feb,233,0.00,25.03,25.02,Dry,0
CR,6.15,6.61,33.32,0.00,0.00,Z,4,Z,No,Feb,239,0.00,25.03,25.02,Dry,0
CR,5.06,4.99,20.41,0.00,0.00,Z,4,Z,No,Feb,240,0.00,25.03,25.02,Dry,0
CR,6.46,5.30,25.45,0.24,0.94,F,1,6.80,No,Mar,241,0.09,18.63,26.33,Dry,0.009436876
CR,6.13,9.09,47.06,19.19,40.78,F,2,37.25,No,Mar,243,1.31,18.63,26.33,Dry,0.407773305
CR,7.21,6.00,29.14,1.94,6.66,F,1,19.38,No,Mar,245,0.47,18.63,26.33,Dry,0.066565063
CR,5.65,7.92,37.81,0.00,0.00,Z,4,Z,No,Mar,249,0.00,18.63,26.33,Dry,0
CR,5.31,7.05,34.56,0.00,0.00,Z,4,Z,No,Mar,250,0.00,18.63,26.33,Dry,0
CR,7.82,7.36,42.31,0.00,0.00,Z,4,Z,No,Mar,251,0.00,18.63,26.33,Dry,0
CR,7.78,6.69,45.16,1.21,2.67,F,1,19.49,No,Mar,252,0.34,18.63,26.33,Dry,0.026688894
CR,6.62,5.96,29.52,0.00,0.00,Z,4,Z,Yes,Mar,255,0.00,18.63,26.33,Dry,0
CR,6.78,5.52,30.28,0.00,0.00,Z,4,Z,No,Mar,258,0.00,18.63,26.33,Dry,0
CR,6.44,6.25,28.39,0.00,0.00,Z,4,Z,No,Mar,260,0.00,18.63,26.33,Dry,0
CR,6.37,7.37,37.49,0.00,0.00,Z,4,Z,No,Apr,262,0.00,27.48,28.68,Dry,0
CR,8.47,9.00,67.22,26.62,39.60,F,2,36.58,No,Apr,263,1.44,27.48,28.68,Dry,0.395999603
CR,6.44,6.58,33.51,0.00,0.00,Z,4,Z,No,Apr,265,0.00,27.48,28.68,Dry,0
CR,5.02,3.68,15.44,0.11,0.68,F,1,11.38,No,Apr,268,0.04,27.48,28.68,Dry,0.006802727
CR,4.55,5.54,21.91,2.11,9.65,M,2,Z,No,Apr,269,0.49,27.48,28.68,Dry,0.096489036
CR,4.21,5.63,19.11,2.37,12.41,M,1,Z,No,Apr,271,0.53,27.48,28.68,Dry,0.124122677
CR,5.71,7.77,38.81,0.00,0.00,Z,4,Z,No,Apr,272,0.00,27.48,28.68,Dry,0
CR,3.95,5.71,18.66,0.00,0.00,Z,4,Z,No,Apr,273,0.00,27.48,28.68,Dry,0
CR,5.09,6.14,25.44,2.78,10.93,M,2,Z,No,Apr,276,0.58,27.48,28.68,Dry,0.109251458
CR,7.50,7.21,45.83,26.73,58.33,M,2,Z,No,Apr,278,1.44,27.48,28.68,Dry,0.583335758
CR,8.04,9.41,64.26,11.93,18.57,F,3,31.04,No,May,281,1.11,26.88,25.62,Wet,0.185662779
CR,7.52,6.55,41.91,11.71,27.95,F,3,28.28,No,May,282,1.10,26.88,25.62,Wet,0.279483268
CR,7.60,7.59,57.53,11.07,19.25,F,2,30.30,No,May,283,1.08,26.88,25.62,Wet,0.192478819
CR,5.83,9.31,46.81,18.05,38.56,F,2,33.18,No,May,284,1.28,26.88,25.62,Wet,0.385642394
CR,6.07,5.36,26.08,10.12,38.81,M,2,Z,No,May,285,1.05,26.88,25.62,Wet,0.388108317
CR,5.39,5.76,25.84,10.59,40.99,F,2,37.68,No,May,287,1.06,26.88,25.62,Wet,0.409928176
CR,4.77,5.83,22.78,0.03,0.12,F,1,6.24,No,May,289,0.01,26.88,25.62,Wet,0.001207548
CR,3.66,4.78,13.82,0.00,0.00,Z,4,Z,No,May,290,0.00,26.88,25.62,Wet,0
CR,5.20,4.82,21.27,0.57,2.70,F,1,14.10,No,May,292,0.20,26.88,25.62,Wet,0.02696032
CR,5.15,7.28,29.28,0.00,0.00,H,Z,Z,No,May,298,0.00,26.88,25.62,Wet,0
CR,7.12,7.85,48.33,27.12,56.11,M,2,Z,No,Jun,302,1.45,29.98,11.53,Wet,0.561116393
CR,7.53,8.02,49.89,0.00,0.00,F,Z,Z,Buceph,Jun,303,0.00,29.98,11.53,Wet,0
CR,6.97,7.42,42.62,0.00,0.00,F,Z,Z,Buceph,Jun,304,0.00,29.98,11.53,Wet,0
CR,10.18,11.27,92.03,49.05,53.30,F,2,30.45,No,Jun,308,1.70,29.98,11.53,Wet,0.53301052
CR,6.89,10.63,65.56,28.44,43.38,F,2,30.42,No,Jun,311,1.47,29.98,11.53,Wet,0.43378667
CR,5.62,8.18,39.56,17.04,43.09,M,2,Z,No,Jun,312,1.26,29.98,11.53,Wet,0.430855933
CR,6.46,6.50,32.99,6.15,18.65,F,2,29.02,No,Jun,313,0.85,29.98,11.53,Wet,0.186502345
CR,5.97,8.82,44.11,5.51,12.49,F,2,29.67,No,Jun,315,0.81,29.98,11.53,Wet,0.124854234
CR,6.53,5.80,32.72,12.30,37.59,F,2,30.57,No,Jun,316,1.12,29.98,11.53,Wet,0.375888927
CR,7.69,7.36,44.96,11.75,26.14,F,2,30.77,No,Jun,320,1.11,29.98,11.53,Wet,0.261404623
CR,9.53,9.99,80.81,32.72,40.49,F,2,35.29,No,Jul,323,1.53,31.43,9.82,Wet,0.40493883
CR,7.07,7.77,52.60,19.23,36.55,F,2,34.26,No,Jul,324,1.31,31.43,9.82,Wet,0.365481524
CR,8.32,10.08,72.55,25.08,34.57,F,2,32.56,No,Jul,325,1.42,31.43,9.82,Wet,0.345703956
CR,7.33,4.94,30.74,7.17,23.34,F,3,30.65,No,Jul,326,0.91,31.43,9.82,Wet,0.233400404
CR,5.86,6.65,34.23,6.37,18.60,F,3,28.48,No,Jul,330,0.87,31.43,9.82,Wet,0.186034044
CR,5.58,5.39,25.12,7.45,29.64,F,2,29.44,No,Jul,335,0.93,31.43,9.82,Wet,0.296409958
CR,7.93,6.43,41.67,22.63,54.31,M,2,Z,No,Jul,336,1.37,31.43,9.82,Wet,0.543122951
CR,6.89,6.67,37.32,10.95,29.34,F,2,28.74,No,Jul,337,1.08,31.43,9.82,Wet,0.29335024
CR,5.05,6.76,28.52,15.39,53.97,F,2,32.70,No,Jul,338,1.21,31.43,9.82,Wet,0.539658254
CR,7.18,7.02,38.56,14.32,37.15,F,2,32.49,No,Jul,339,1.19,31.43,9.82,Wet,0.371494138
CR,7.60,10.04,61.59,19.22,31.21,F,2,29.58,No,Aug,342,1.31,30.6,13.5,Wet,0.312099694
CR,8.09,9.46,62.58,27.57,44.05,M,2,Z,No,Aug,344,1.46,30.6,13.5,Wet,0.440451407
CR,6.76,8.14,44.54,10.04,22.55,F,2,29.05,No,Aug,346,1.04,30.6,13.5,Wet,0.225476948
CR,7.65,8.61,54.07,12.55,23.20,F,2,32.40,No,Aug,347,1.13,30.6,13.5,Wet,0.232031591
CR,6.64,7.48,40.34,13.16,32.62,F,2,31.84,No,Aug,349,1.15,30.6,13.5,Wet,0.326176982
CR,6.27,7.14,39.67,10.38,26.16,F,3,30.64,Yes,Aug,350,1.06,30.6,13.5,Wet,0.261567904
CR,4.77,6.46,25.81,9.26,35.87,F,2,31.90,Yes,Aug,351,1.01,30.6,13.5,Wet,0.358685847
CR,5.10,5.88,24.10,13.48,55.95,M,2,Z,No,Aug,355,1.16,30.6,13.5,Wet,0.559450026
CR,4.77,6.37,28.37,0.00,0.00,H,Z,Z,No,Aug,356,0.00,30.6,13.5,Wet,0
CR,6.65,6.27,38.85,18.70,48.14,M,2,Z,No,Aug,359,1.29,30.6,13.5,Wet,0.481391552
CR,5.40,5.15,24.02,5.27,21.95,F,2,25.75,No,Sep,363,0.80,32.33,13.26,Wet,0.219461148
CR,6.29,6.84,37.81,13.29,35.15,F,2,30.69,No,Sep,364,1.16,32.33,13.26,Wet,0.351539826
CR,6.82,5.27,30.77,6.70,21.76,F,2,24.93,No,Sep,365,0.89,32.33,13.26,Wet,0.217630653
CR,9.61,9.61,85.95,43.82,50.99,F,2,29.45,No,Sep,366,1.65,32.33,13.26,Wet,0.509863942
CR,7.02,8.31,47.40,18.32,38.65,F,2,27.47,No,Sep,368,1.29,32.33,13.26,Wet,0.386497295
CR,3.73,2.96,9.22,3.64,39.47,M,2,Z,No,Sep,370,0.67,32.33,13.26,Wet,0.394685654
CR,7.55,7.22,44.89,5.64,12.57,F,3,25.84,No,Sep,371,0.82,32.33,13.26,Wet,0.125698812
CR,6.89,6.89,42.09,14.41,34.22,F,2,30.42,No,Sep,372,1.19,32.33,13.26,Wet,0.342234545
CR,5.54,8.11,38.94,18.90,48.54,F,2,32.35,No,Sep,373,1.30,32.33,13.26,Wet,0.485371893
CR,5.96,5.30,26.97,11.95,44.31,F,2,29.80,No,Sep,379,1.11,32.33,13.26,Wet,0.443089649
CR,5.40,5.81,25.72,6.05,23.51,F,2,34.30,No,Oct,383,0.85,28.58,20.58,Wet,0.235086962
CR,9.18,9.52,78.72,21.11,26.81,F,2,27.24,No,Oct,384,1.34,28.58,20.58,Wet,0.268145279
CR,9.59,10.38,82.30,34.19,41.55,M,2,Z,No,Oct,385,1.55,28.58,20.58,Wet,0.415462409
CR,4.57,6.50,28.18,3.21,11.39,F,3,29.64,No,Oct,386,0.62,28.58,20.58,Wet,0.113858034
CR,5.31,6.65,28.47,1.52,5.34,M,3,Z,No,Oct,388,0.40,28.58,20.58,Wet,0.053392186
CR,6.93,6.67,37.07,2.01,5.42,M,3,Z,No,Oct,391,0.48,28.58,20.58,Wet,0.054156065
CR,5.27,6.16,28.82,4.87,16.90,F,2,36.23,No,Oct,394,0.77,28.58,20.58,Wet,0.169004063
CR,5.78,6.05,29.05,7.55,25.99,M,2,Z,No,Oct,395,0.93,28.58,20.58,Wet,0.259897297
CR,5.13,6.54,27.94,11.08,39.65,M,2,Z,No,Oct,397,1.08,28.58,20.58,Wet,0.396546445
CR,4.79,5.18,20.58,5.35,26.00,F,2,31.24,No,Oct,399,0.80,28.58,20.58,Wet,0.260037718
CR,7.46,5.92,36.82,0.29,0.78,F,3,25.54,No,Nov,402,0.11,27.8,26.02,Dry,0.007768454
CR,9.23,9.22,71.42,9.95,13.94,F,3,27.26,No,Nov,406,1.04,27.8,26.02,Dry,0.139373979
CR,6.96,7.93,44.74,5.41,12.10,F,3,31.23,No,Nov,409,0.81,27.8,26.02,Dry,0.120960019
CR,5.45,5.15,24.49,0.06,0.24,F,3,11.66,No,Nov,410,0.03,27.8,26.02,Dry,0.002425119
CR,4.86,4.42,17.89,0.00,0.00,Z,4,Z,No,Nov,411,0.00,27.8,26.02,Dry,0
CR,5.01,4.65,19.26,0.00,0.00,Z,4,Z,No,Nov,413,0.00,27.8,26.02,Dry,0
CR,4.50,4.20,14.92,0.23,1.54,M,3,Z,No,Nov,415,0.09,27.8,26.02,Dry,0.015422103
CR,7.62,7.25,49.15,0.00,0.00,Z,4,Z,No,Nov,417,0.00,27.8,26.02,Dry,0
CR,5.48,5.54,23.31,0.00,0.00,Z,4,Z,No,Nov,419,0.00,27.8,26.02,Dry,0
CR,4.43,5.75,21.25,2.36,11.09,F,3,34.38,No,Nov,420,0.53,27.8,26.02,Dry,0.110901263
CR,4.46,7.39,25.85,0.00,0.00,Z,4,Z,No,Dec,421,0.00,19.23,22.14,Dry,0
CR,7.57,5.75,34.81,0.03,0.08,F,1,10.82,No,Dec,422,0.01,19.23,22.14,Dry,0.000849175
CR,5.47,5.82,25.93,0.00,0.00,Z,4,Z,No,Dec,424,0.00,19.23,22.14,Dry,0
CR,5.19,5.86,23.89,0.00,0.00,Z,4,Z,No,Dec,427,0.00,19.23,22.14,Dry,0
CR,4.27,6.59,23.52,0.00,0.00,Z,4,Z,No,Dec,428,0.00,19.23,22.14,Dry,0
CR,4.84,4.90,21.79,0.00,0.00,Z,4,Z,No,Dec,429,0.00,19.23,22.14,Dry,0
CR,4.86,5.24,21.33,0.00,0.00,Z,4,Z,No,Dec,430,0.00,19.23,22.14,Dry,0
CR,5.20,5.30,22.19,0.00,0.00,Z,4,Z,No,Dec,431,0.00,19.23,22.14,Dry,0
CR,5.28,5.88,25.19,0.00,0.00,Z,4,Z,No,Dec,435,0.00,19.23,22.14,Dry,0
CR,3.33,5.90,17.55,0.00,0.00,Z,4,Z,No,Dec,439,0.00,19.23,22.14,Dry,0
TB,9.53,7.02,56.10,0.00,0.00,Z,4,Z,No,Jan,2587,0.00,15.46,31.75,Dry,0
TB,9.72,11.25,94.92,0.14,0.15,F,1,10.73,No,Jan,2588,0.06,15.46,31.75,Dry,0.001527508
TB,8.23,8.20,56.67,0.00,0.00,Z,4,Z,No,Jan,2589,0.00,15.46,31.75,Dry,0
TB,7.80,10.14,67.28,0.00,0.00,Z,4,Z,No,Jan,2590,0.00,15.46,31.75,Dry,0
TB,7.91,6.60,48.27,0.00,0.00,Z,4,Z,No,Jan,2593,0.00,15.46,31.75,Dry,0
TB,7.11,7.91,44.22,0.00,0.00,Z,4,Z,No,Jan,2595,0.00,15.46,31.75,Dry,0
TB,8.40,8.61,60.54,0.00,0.00,Z,4,Z,Yes,Jan,2597,0.00,15.46,31.75,Dry,0
TB,7.67,7.77,53.19,0.00,0.00,Z,4,Z,Yes,Jan,2598,0.00,15.46,31.75,Dry,0
TB,7.72,6.63,39.28,0.00,0.00,Z,4,Z,No,Jan,2599,0.00,15.46,31.75,Dry,0
TB,12.36,14.89,163.40,0.06,0.04,F,3,33.15,No,Jan,2601,0.02,15.46,31.75,Dry,0.000360308
TB,8.14,9.58,64.28,1.34,2.08,F,3,27.37,No,Jan,2602,0.37,15.46,31.75,Dry,0.020818027
TB,10.37,8.76,75.83,0.62,0.82,M,1,Z,No,Jan,2603,0.21,15.46,31.75,Dry,0.008198063
TB,7.73,10.59,66.99,1.73,2.58,F,1,16.06,No,Feb,2607,0.44,22.44,30.37,Dry,0.02581016
TB,8.64,7.54,57.14,0.05,0.08,F,1,12.71,Yes,Feb,2610,0.02,22.44,30.37,Dry,0.000847682
TB,11.28,9.58,100.01,5.32,5.32,F,1,12.15,No,Feb,2614,0.80,22.44,30.37,Dry,0.053189533
TB,11.35,11.54,109.46,0.22,0.20,F,1,11.85,Yes,Feb,2617,0.09,22.44,30.37,Dry,0.00199502
TB,7.67,10.32,72.92,0.50,0.69,F,1,9.28,No,Feb,2619,0.18,22.44,30.37,Dry,0.006901809
TB,5.50,5.92,24.03,0.00,0.00,Z,4,Z,No,Feb,2621,0.00,22.44,30.37,Dry,0
TB,6.32,5.37,29.58,0.00,0.00,Z,4,Z,No,Feb,2622,0.00,22.44,30.37,Dry,0
TB,6.39,6.37,34.25,1.19,3.46,F,1,10.52,No,Feb,2623,0.34,22.44,30.37,Dry,0.03462088
TB,8.30,8.23,52.77,0.06,0.12,M,3,Z,No,Feb,2625,0.03,22.44,30.37,Dry,0.001186431
TB,10.95,9.51,92.54,5.51,5.95,F,1,16.37,No,Feb,2627,0.81,22.44,30.37,Dry,0.059513408
TB,10.92,10.24,92.07,1.05,1.14,F,1,12.76,No,Feb,2629,0.31,22.44,30.37,Dry,0.011425331
TB,9.73,9.59,79.42,5.66,7.13,F,1,16.41,No,Feb,2630,0.82,22.44,30.37,Dry,0.071327665
TB,5.96,6.33,32.78,0.91,2.77,F,1,12.72,No,Mar,2631,0.28,17.09,33.06,Dry,0.027732702
TB,8.95,10.96,85.95,29.08,33.84,F,2,23.49,No,Mar,2636,1.48,17.09,33.06,Dry,0.338385926
TB,7.58,10.81,67.08,7.18,10.70,M,2,Z,No,Mar,2639,0.91,17.09,33.06,Dry,0.106964518
TB,3.57,5.06,15.48,0.00,0.00,Z,4,Z,No,Mar,2642,0.00,17.09,33.06,Dry,0
TB,5.12,4.54,20.39,0.60,2.94,F,1,7.76,No,Mar,2644,0.20,17.09,33.06,Dry,0.029350229
TB,6.94,6.28,36.50,0.55,1.49,F,3,30.12,No,Mar,2645,0.19,17.09,33.06,Dry,0.014938063
TB,7.53,7.36,42.69,1.67,3.92,F,1,9.14,Yes,Mar,2646,0.43,17.09,33.06,Dry,0.039222188
TB,7.23,5.91,32.23,0.25,0.76,F,3,9.18,No,Mar,2647,0.10,17.09,33.06,Dry,0.007610637
TB,7.50,5.76,33.12,6.85,20.68,F,2,23.93,No,Mar,2648,0.89,17.09,33.06,Dry,0.20675162
TB,12.59,9.90,102.92,75.84,73.70,M,2,Z,No,Mar,2652,1.89,17.09,33.06,Dry,0.736955336
TB,9.87,11.09,87.82,61.67,70.22,F,2,31.23,No,Mar,2654,1.80,17.09,33.06,Dry,0.702245508
TB,10.75,10.15,95.96,62.34,64.97,F,2,31.27,No,Mar,2655,1.80,17.09,33.06,Dry,0.649655014
TB,8.60,8.21,57.92,2.49,4.30,F,1,12.17,No,Apr,2657,0.54,21.64,33.17,Dry,0.043032322
TB,10.46,10.65,90.01,16.45,18.27,M,2,Z,No,Apr,2659,1.24,21.64,33.17,Dry,0.18271743
TB,8.29,10.78,75.73,30.11,39.76,F,2,33.57,No,Apr,2664,1.49,21.64,33.17,Dry,0.397553376
TB,7.66,7.46,43.96,6.72,15.28,F,3,31.84,No,Apr,2666,0.89,21.64,33.17,Dry,0.152829793
TB,10.44,9.36,84.74,46.08,54.38,F,2,32.49,No,Apr,2668,1.67,21.64,33.17,Dry,0.543800982
TB,10.30,9.35,77.38,34.54,44.64,F,2,33.82,No,Apr,2670,1.55,21.64,33.17,Dry,0.446431756
TB,9.80,9.01,67.54,35.22,52.14,F,2,28.17,No,Apr,2672,1.56,21.64,33.17,Dry,0.521398298
TB,10.11,10.55,89.08,34.89,39.16,F,2,30.06,No,Apr,2674,1.55,21.64,33.17,Dry,0.391617439
TB,7.27,10.96,67.10,25.13,37.46,F,2,30.45,No,Apr,2675,1.42,21.64,33.17,Dry,0.374557175
TB,10.05,9.70,74.59,44.27,59.35,M,2,Z,No,Apr,2677,1.66,21.64,33.17,Dry,0.593464603
TB,7.99,6.43,40.93,11.25,27.49,M,2,Z,No,Apr,2678,1.09,21.64,33.17,Dry,0.274899382
TB,7.89,9.41,61.75,31.06,50.29,F,2,31.01,No,Apr,2679,1.51,21.64,33.17,Dry,0.502898338
TB,5.50,8.93,41.39,11.98,28.95,F,2,25.83,No,May,2685,1.11,25.84,33.14,Wet,0.289539264
TB,8.52,7.97,52.89,9.00,17.02,F,3,31.48,No,May,2686,1.00,25.84,33.14,Wet,0.170204909
TB,10.02,9.04,67.72,11.69,17.26,F,1,13.89,Yes,May,2687,1.10,25.84,33.14,Wet,0.172573601
TB,7.94,6.59,41.83,3.88,9.28,M,3,Z,No,May,2688,0.69,25.84,33.14,Wet,0.092793226
TB,9.30,7.19,56.28,8.66,15.38,F,2,24.77,No,May,2691,0.98,25.84,33.14,Wet,0.153849133
TB,7.42,7.98,52.80,10.76,20.38,M,2,Z,No,May,2697,1.07,25.84,33.14,Wet,0.203810824
TB,8.42,8.54,58.86,9.86,16.75,F,3,26.05,No,May,2698,1.04,25.84,33.14,Wet,0.167495724
TB,5.94,5.36,24.14,1.61,6.68,M,3,Z,No,May,2700,0.42,25.84,33.14,Wet,0.066790653
TB,8.68,6.76,45.48,0.73,1.61,M,3,Z,No,May,2701,0.24,25.84,33.14,Wet,0.016101568
TB,10.06,7.14,56.49,15.90,28.14,F,2,32.66,No,May,2702,1.23,25.84,33.14,Wet,0.281391729
TB,7.86,7.64,42.92,2.96,6.90,M,1,Z,No,May,2704,0.60,25.84,33.14,Wet,0.068967742
TB,6.19,4.89,23.60,0.00,0.00,Z,4,Z,No,May,2705,0.00,25.84,33.14,Wet,0
TB,7.63,10.57,60.66,32.27,53.20,M,2,Z,No,Jun,2707,1.52,30.2,31.45,Wet,0.53199801
TB,8.29,8.39,59.97,25.96,43.28,F,2,32.62,Yes,Jun,2708,1.43,30.2,31.45,Wet,0.432791971
TB,6.64,6.01,33.02,9.20,27.86,F,3,28.13,Yes,Jun,2709,1.01,30.2,31.45,Wet,0.27861693
TB,10.54,10.48,87.99,54.79,62.27,F,2,29.59,No,Jun,2712,1.75,30.2,31.45,Wet,0.622726512
TB,10.00,9.78,75.24,31.80,42.27,F,2,31.44,Yes,Jun,2713,1.52,30.2,31.45,Wet,0.422666358
TB,9.25,9.53,71.12,21.94,30.86,F,2,27.72,Yes,Jun,2716,1.36,30.2,31.45,Wet,0.308557273
TB,8.04,7.06,47.78,13.42,28.08,M,2,Z,No,Jun,2718,1.16,30.2,31.45,Wet,0.28084424
TB,8.04,8.45,56.72,18.83,33.20,F,2,27.17,No,Jun,2719,1.30,30.2,31.45,Wet,0.332012902
TB,7.21,7.71,42.33,9.31,21.98,F,2,26.57,No,Jun,2724,1.01,30.2,31.45,Wet,0.219843102
TB,9.68,8.95,70.88,9.21,12.99,F,3,30.29,No,Jun,2726,1.01,30.2,31.45,Wet,0.129872143
TB,8.07,5.55,39.77,0.00,0.00,Z,4,Z,No,Jun,2728,0.00,30.2,31.45,Wet,0
TB,6.69,5.23,30.88,4.93,15.98,F,3,21.97,Yes,Jun,2729,0.77,30.2,31.45,Wet,0.159759101
TB,5.10,11.38,57.75,8.26,14.29,F,3,24.82,No,Jul,2731,0.97,29.16,34.29,Wet,0.142935681
TB,6.82,6.62,34.55,5.23,15.14,F,3,27.54,No,Jul,2733,0.79,29.16,34.29,Wet,0.151403482
TB,9.40,9.23,70.80,24.26,34.26,M,2,Z,Yes,Jul,2736,1.40,29.16,34.29,Wet,0.342638502
TB,7.18,8.42,43.03,5.54,12.88,F,3,27.51,No,Jul,2737,0.82,29.16,34.29,Wet,0.128836239
TB,6.22,9.44,47.15,8.91,18.90,F,2,28.66,Yes,Jul,2741,1.00,29.16,34.29,Wet,0.188969305
TB,9.46,9.14,69.98,14.26,20.38,F,2,29.35,No,Jul,2742,1.18,29.16,34.29,Wet,0.203804156
TB,7.70,6.82,40.94,8.87,21.66,F,3,29.11,No,Jul,2745,0.99,29.16,34.29,Wet,0.216616204
TB,5.56,7.00,35.21,11.63,33.03,F,2,29.53,Yes,Jul,2747,1.10,29.16,34.29,Wet,0.330292014
TB,4.87,6.50,27.78,17.20,61.92,M,2,Z,No,Jul,2749,1.26,29.16,34.29,Wet,0.619162881
TB,7.02,6.64,38.20,14.43,37.78,F,2,28.37,No,Jul,2750,1.19,29.16,34.29,Wet,0.377806552
TB,7.77,9.34,63.71,17.84,28.00,F,2,31.84,No,Jul,2752,1.28,29.16,34.29,Wet,0.279995153
TB,5.15,9.53,40.26,11.82,29.35,F,2,26.29,No,Jul,2754,1.11,29.16,34.29,Wet,0.293497987
TB,7.12,7.89,45.05,18.94,42.05,F,2,31.77,No,Aug,2756,1.30,30.9,27.54,Wet,0.42047389
TB,6.43,7.35,40.26,13.58,33.73,F,2,31.67,Yes,Aug,2758,1.16,30.9,27.54,Wet,0.337288907
TB,6.28,8.09,42.11,20.20,47.98,F,2,33.39,No,Aug,2759,1.33,30.9,27.54,Wet,0.479759207
TB,6.29,5.59,29.99,11.20,37.35,F,2,31.11,No,Aug,2760,1.09,30.9,27.54,Wet,0.373487726
TB,9.54,12.66,92.69,16.01,17.28,F,3,27.16,No,Aug,2765,1.23,30.9,27.54,Wet,0.172780032
TB,8.62,7.94,57.46,10.64,18.53,F,2,27.33,No,Aug,2766,1.07,30.9,27.54,Wet,0.185260707
TB,8.42,9.07,59.42,13.60,22.88,F,2,29.85,No,Aug,2768,1.16,30.9,27.54,Wet,0.228821954
TB,7.56,9.18,53.69,10.61,19.76,M,2,Z,No,Aug,2771,1.06,30.9,27.54,Wet,0.19761504
TB,9.06,8.81,67.46,15.53,23.02,F,3,31.76,No,Aug,2772,1.22,30.9,27.54,Wet,0.230225466
TB,6.72,7.73,38.19,5.36,14.04,F,3,26.16,No,Aug,2773,0.80,30.9,27.54,Wet,0.140425745
TB,7.25,7.56,40.22,5.48,13.63,F,2,31.42,No,Aug,2778,0.81,30.9,27.54,Wet,0.136315223
TB,6.47,4.64,23.84,0.00,0.00,Z,4,Z,No,Aug,2780,0.00,30.9,27.54,Wet,0
TB,4.01,6.95,23.41,1.94,8.30,F,3,17.34,No,Sep,2783,0.47,31.03,26.32,Wet,0.082957808
TB,11.03,6.58,58.06,7.38,12.71,M,3,Z,No,Sep,2786,0.92,31.03,26.32,Wet,0.127104306
TB,11.19,5.70,48.47,13.56,27.98,F,2,27.38,Yes,Sep,2787,1.16,31.03,26.32,Wet,0.27984595
TB,7.45,6.35,41.31,10.81,26.17,M,2,Z,No,Sep,2789,1.07,31.03,26.32,Wet,0.261739465
TB,6.01,6.72,34.32,11.44,33.32,F,2,31.33,Yes,Sep,2790,1.09,31.03,26.32,Wet,0.333219492
TB,7.52,8.01,49.68,12.74,25.65,F,2,28.41,No,Sep,2793,1.14,31.03,26.32,Wet,0.256460865
TB,7.53,8.50,50.25,4.41,8.77,F,3,25.97,Yes,Sep,2794,0.73,31.03,26.32,Wet,0.087721599
TB,6.59,8.95,50.40,9.59,19.02,M,2,Z,No,Sep,2795,1.02,31.03,26.32,Wet,0.190227479
TB,11.40,8.43,77.54,33.85,43.66,F,2,31.71,No,Sep,2796,1.54,31.03,26.32,Wet,0.436591644
TB,8.84,6.19,46.81,20.32,43.41,F,2,31.38,No,Sep,2797,1.33,31.03,26.32,Wet,0.434145292
TB,9.66,11.69,86.95,12.45,14.32,F,3,26.40,No,Sep,2801,1.13,31.03,26.32,Wet,0.143192886
TB,8.43,6.96,50.07,19.46,38.87,M,2,Z,No,Sep,2805,1.31,31.03,26.32,Wet,0.38873622
TB,5.84,6.15,37.05,6.58,17.76,F,2,32.55,No,Oct,2807,0.88,28.1,27.68,Wet,0.177648635
TB,7.85,6.46,40.04,3.18,7.95,F,3,29.20,No,Oct,2809,0.62,28.1,27.68,Wet,0.079541466
TB,7.22,5.56,32.68,2.42,7.40,F,3,31.67,Yes,Oct,2810,0.53,28.1,27.68,Wet,0.073985334
TB,7.98,6.97,46.77,0.00,0.00,Z,4,Z,No,Oct,2812,0.00,28.1,27.68,Wet,0
TB,8.41,10.66,73.21,8.52,11.64,F,3,35.81,No,Oct,2816,0.98,28.1,27.68,Wet,0.116385501
TB,10.61,10.31,89.31,28.68,32.12,F,2,31.80,No,Oct,2818,1.47,28.1,27.68,Wet,0.321161811
TB,8.37,8.99,57.36,9.48,16.52,M,3,Z,No,Oct,2820,1.02,28.1,27.68,Wet,0.165248061
TB,7.69,6.39,43.20,17.52,40.57,M,2,Z,No,Oct,2821,1.27,28.1,27.68,Wet,0.405680037
TB,7.39,8.64,53.99,14.36,26.60,F,2,29.23,No,Oct,2823,1.19,28.1,27.68,Wet,0.265991021
TB,8.88,8.85,62.11,18.55,29.86,F,2,33.14,No,Oct,2824,1.29,28.1,27.68,Wet,0.298591755
TB,7.44,7.77,47.15,1.76,3.72,F,3,32.68,Yes,Oct,2825,0.44,28.1,27.68,Wet,0.037225589
TB,7.05,10.13,61.69,21.61,35.03,F,2,30.37,No,Oct,2829,1.35,28.1,27.68,Wet,0.350287951
TB,6.89,5.88,32.29,0.00,0.00,Z,4,Z,No,Nov,2833,0.00,21.44,30.39,Dry,0
TB,4.67,7.28,26.97,0.00,0.00,Z,4,Z,No,Nov,2834,0.00,21.44,30.39,Dry,0
TB,9.05,7.30,52.03,0.00,0.00,Z,4,Z,No,Nov,2836,0.00,21.44,30.39,Dry,0
TB,6.50,5.68,34.35,0.00,0.00,Z,4,Z,No,Nov,2837,0.00,21.44,30.39,Dry,0
TB,8.40,8.23,55.08,0.13,0.24,M,3,Z,No,Nov,2837,0.05,21.44,30.39,Dry,0.002425218
TB,4.42,6.65,26.73,0.00,0.00,Z,4,Z,No,Nov,2840,0.00,21.44,30.39,Dry,0
TB,7.60,10.78,71.22,0.00,0.00,Z,4,Z,No,Nov,2841,0.00,21.44,30.39,Dry,0
TB,5.81,7.76,38.41,0.00,0.00,Z,4,Z,No,Nov,2842,0.00,21.44,30.39,Dry,0
TB,5.73,7.73,36.82,0.00,0.00,Z,4,Z,No,Nov,2845,0.00,21.44,30.39,Dry,0
TB,5.96,6.90,32.21,0.81,2.53,M,3,Z,No,Nov,2846,0.26,21.44,30.39,Dry,0.025298274
TB,5.32,5.71,23.67,3.39,14.31,F,3,37.28,No,Nov,2850,0.64,21.44,30.39,Dry,0.143086886
TB,6.03,6.50,31.08,0.00,0.00,Z,4,Z,No,Nov,2852,0.00,21.44,30.39,Dry,0
TB,5.39,7.32,30.90,0.00,0.00,Z,4,Z,Yes,Dec,2858,0.00,18.22,29.71,Dry,0
TB,7.00,10.88,63.26,0.00,0.00,Z,4,Z,Yes,Dec,2863,0.00,18.22,29.71,Dry,0
TB,9.41,12.29,97.52,0.00,0.00,Z,4,Z,Yes,Dec,2864,0.00,18.22,29.71,Dry,0
TB,7.76,8.00,49.87,0.00,0.00,Z,4,Z,Yes,Dec,2865,0.00,18.22,29.71,Dry,0
TB,5.75,8.64,43.57,0.00,0.00,Z,4,Z,No,Dec,2869,0.00,18.22,29.71,Dry,0
TB,6.13,8.23,41.28,0.00,0.00,Z,4,Z,No,Dec,2870,0.00,18.22,29.71,Dry,0
TB,6.60,11.31,65.29,0.00,0.00,Z,4,Z,No,Dec,2872,0.00,18.22,29.71,Dry,0
TB,5.47,7.19,30.61,0.00,0.00,Z,Z,Z,Buceph,Dec,2874,0.00,18.22,29.71,Dry,0
TB,5.10,9.13,39.30,0.00,0.00,Z,4,Z,No,Dec,2875,0.00,18.22,29.71,Dry,0
TB,6.18,9.93,52.48,0.15,0.28,F,1,9.54,No,Dec,2876,0.06,18.22,29.71,Dry,0.002764559
TB,9.29,10.52,81.79,10.46,12.79,M,2,Z,No,Dec,2877,1.06,18.22,29.71,Dry,0.127864733
TB,6.99,7.99,46.14,0.00,0.00,Z,4,Z,No,Dec,2878,0.00,18.22,29.71,Dry,0
